{
  "cobot": {
    "cobot_ip": "192.168.1.100",
    "home_pose": [ -0.467789, -1.93114, 2.20191, -0.334723, -0.502977, 0.856237 ]
  },

  "conveyor": {
    "home_pose": [ 0.61000, -0.02000, -0.05000, 0.00000, 3.1415, 0.00000 ],
    "conveyor_z_offset": -0.13000,
    "speed": 0.038865,
    "width": 0.20
  },
  "tray": {
    "home_pose": [ 0.06200, -0.46200, -0.10000, 2.00000, 2.50000, 0.00000 ],
    "slot_pose": [ 0.06200, -0.46200, -0.20000, 2.00000, 2.50000, 0.00000 ],
    "tray_index_offset": [ 0.040, -0.040, 0.0 ],
    "num_slots_width": 5,
    "num_slots_height": 5
  },
  "vision": {
    "cap_id": 1,
    "flags": 0,
    "frame_width": 1280,
    "frame_height": 960,
    "frustum": [ 0.230, 0.150],
    "conveyor_start": [ 0.60845, -0.52619, -0.10834, 0.00000, 0.00000, 0.00000 ]
  }
}