{
  "cobot": {
    "cobot_ip": "192.168.1.100",
    "home_pose": [ -0.467789, -1.93114, 2.20191, -0.334723, -0.502977, 0.856237 ]
  },

  "conveyor": {
    "home_pose": [ 1.0057, -0.832553, 1.20109, -0.412241, 0.959119, 0.856237 ],
    "conveyor_z_offset": 1.0,
    "speed": 1.0,
    "width": 1.0
  },
  "tray": {
    "home_pose": [ 1.0145, -1.91636, 2.22764, -0.320637, 0.959059, 0.856189 ],
    "slot_pose": [ 0.990977, -1.87354, 2.37026, -0.515692, 0.958435, 0.856237 ],
    "tray_index_offset": [ 1.0, 0.0, 0.0 ],
    "num_slots_width": 10,
    "num_slots_height": 15
  },
  "vision": {
    "cap_id": 1,
    "flags": 0,
    "frame_width": 1280,
    "frame_height": 960
  }
}