{
  "cobot_ip": "192.168.1.100",
  "home_pose": [ 0.793995, -0.206994, 0.524894, 0.966345, -1.5438, 1.4996 ],
  "tray_pose": [ 1.0, 0.0, 0.0, 0.0, 0.0, 0.0 ],
  "tray_first_slot_pose": [ 1.0, 0.0, 0.0, 0.0, 0.0, 0.0 ],
  "tray_index_offset": [ 1.0, 0.0, 0.0 ]
}