{
  "cobot": {
    "ip": "192.168.1.100",
    "port": 50002
  },
  "conveyor": {
    "home_pose": [ 0.61000, -0.20000, 0.3500, 0.00000, 3.1415, 0.00000 ],
    "conveyor_z_height": -0.14000,
    "speed": 0.038865,
    "width": 0.20
  },
  "tray": {
    "home_pose": [ -0.02000, -0.54500, 0.30000, 0.00000, 3.14150, 0.00000 ],
    "slot_pose": [ 0.05500, -0.46500, 0.20000, 0.00000, 3.14150, 0.00000 ],
    "tray_index_offset": [ -0.039, -0.039, 0.0 ],
    "num_slots_width": 5,
    "num_slots_height": 5
  },
  "vision": {
    "cap_id": 1,
    "flags": 0,
    "frame_width": 1280,
    "frame_height": 960,
    "frustum": [ 0.230, 0.150],
    "conveyor_start": [ 0.60845, -0.52619, 0.29200, 0.00000, 0.00000, 0.00000 ]
  }
}