{
  "cobot": {
    "cobot_ip": "192.168.1.100",
    "home_pose": [ -0.147592, -0.765548, -0.0022088, 0.500472, 3.0987, 0.101575 ]
  },

  "conveyor": {
    "home_pose": [ -0.147592, -0.765548, -0.0022088, 0.500472, 3.0987, 0.101575 ],
    "conveyor_z_offset": 1.0,
    "speed": 1.0,
    "width": 1.0
  },
  "tray": {
    "home_pose": [ 1.0, 0.0, 0.0, 0.0, 0.0, 0.0 ],
    "slot_pose": [ 1.0, 0.0, 0.0, 0.0, 0.0, 0.0 ],
    "tray_index_offset": [ 1.0, 0.0, 0.0 ],
    "num_slots_width": 10,
    "num_slots_height": 15
  },
  "vision": {
    "cap_id": 1,
    "flags": 0,
    "frame_width": 1280,
    "frame_height": 960
  }
}