{
  "cobot": {
    "cobot_ip": "192.168.1.100",
    "home_pose": [ -0.467789, -1.93114, 2.20191, -0.334723, -0.502977, 0.856237 ]
  },

  "conveyor": {
    "home_pose": [ 1.01639, -1.93275, 2.00803, -1.58283, -1.57508, -0.52190 ],
    "conveyor_z_offset": 1.0,
    "speed": 1.0,
    "width": 1.0
  },
  "tray": {
    "home_pose": [ 1.0145, -1.91636, 2.22764, -0.320637, 0.959059, 0.856189 ],
    "slot_pose": [ -0.035, -0.375, 0.045, 0.0, 3.13494, 0.0 ],
    "tray_index_offset": [ 0.040, -0.040, 0.0 ],
    "num_slots_width": 5,
    "num_slots_height": 5
  },
  "vision": {
    "cap_id": 1,
    "flags": 0,
    "frame_width": 1280,
    "frame_height": 960,
    "frustum": [ 0.230, 0.150],
    "conveyor_start": [ -0.0448857, -0.573748, 0.224461, 0.0327679, -3.13755, 0.0197493 ]
  }
}